Date,Open,High,Low,Close,Adj Close,Volume
1,277.619995,284.880005,277.519989,282.109985,282.109985,5501600
2,282.98999,285.48999,277,278.480011,278.480011,4558800
3,279.5,281.410004,273.660004,281.100006,281.100006,3781300
4,280.459991,284.790009,278.630005,280.309998,280.309998,3766100
5,280.5,282.390015,277,279.200012,279.200012,3324600
6,274.369995,274.399994,249.130005,253.860001,253.860001,16455400
7,255.149994,262.459991,252.419998,260.73999,260.73999,8300100
8,262.410004,264.700012,259.5,261.380005,261.380005,5177700
9,263.359985,265.600006,262.320007,263.820007,263.820007,3692600
10,257.98999,261.429993,255.270004,259.320007,259.320007,6810900
11,255,256.019989,244.710007,250.029999,250.029999,8214100
12,245.220001,253.800003,245,250.410004,250.410004,5658700
13,251.119995,252.839996,247.039993,252.139999,252.139999,3749500
14,252.520004,254.960007,246.100006,246.949997,246.949997,4834200
15,248.25,249.729996,246.070007,246.600006,246.600006,3795400
16,244,248.639999,241.380005,245.259995,245.259995,4852700
17,246.919998,247.649994,240.119995,242.679993,242.679993,4238300
18,242.199997,242.660004,235.649994,240.240005,240.240005,5941700
19,250.199997,252.789993,245.360001,251.419998,251.419998,8998200
20,253.059998,256.5,251.029999,255.210007,255.210007,5406300
21,259.130005,262.48999,257.799988,260.619995,260.619995,7713300
22,258.529999,261.459991,255.729996,259.570007,259.570007,4485500
23,260.100006,262.880005,252.639999,259.279999,259.279999,5055100
24,262.25,265.540009,254.399994,257.01001,257.01001,7361300
25,244.639999,245.889999,235.199997,236.910004,236.910004,12888300
26,238.570007,238.960007,221,224.589996,224.589996,11268700
27,228.25,232.470001,223,227.059998,227.059998,7105300
28,220,230.990005,217.320007,229.699997,229.699997,9147300
29,219.720001,229.919998,219.100006,226.350006,226.350006,5399300
30,233.380005,234.770004,226.550003,227.479996,227.479996,10549400
31,226.720001,232.399994,225.509995,230.470001,230.470001,3494400
32,234.270004,235.389999,230.800003,235.339996,235.339996,4130300
33,233.190002,237.389999,230.559998,231.100006,231.100006,4116600
34,234.660004,236.279999,232,235.289993,235.289993,3492400
35,236.270004,237.800003,231.199997,235.240005,235.240005,3463300
36,234.25,234.610001,220.309998,221.669998,221.669998,9553300
37,229.600006,244.600006,228.25,242.770004,242.770004,10516300
38,241.130005,241.5,235.639999,238.100006,238.100006,4962500
39,238.139999,240.5,235.059998,238.660004,238.660004,3228400
40,242.509995,243.119995,238.75,241.699997,241.699997,3775300
41,243,247.559998,241.320007,242.589996,242.589996,4203800
42,240.490005,242.350006,236.529999,238.929993,238.929993,3682600
43,241,241.360001,230.529999,230.970001,230.970001,9045900
44,234.490005,246.690002,228.5,241.220001,241.220001,15354700
45,242.190002,242.839996,237.199997,240.199997,240.199997,5161000
46,239.110001,242.880005,236.800003,241.929993,241.929993,4577200
47,242.550003,251.820007,242,251.080002,251.080002,7948800
48,249.720001,252.339996,245.580002,249.100006,249.100006,5870800
49,250.619995,255.75,250.25,251.699997,251.699997,6236000
50,250,258.850006,248.5,258.679993,258.679993,6101100
51,257.48999,259,252.020004,253.979996,253.979996,4025700
52,255.860001,259.98999,255.509995,257.700012,257.700012,4473000
53,250.610001,251.880005,245.600006,247.740005,247.740005,7918500
54,247.949997,250.929993,246,248.710007,248.710007,3587200
55,252.210007,252.779999,242.169998,242.779999,242.779999,7485100
56,245.199997,247.600006,240.639999,246.720001,246.720001,4789700
57,247.350006,249.720001,246.089996,248.089996,248.089996,3159800
58,248.339996,249,246.600006,248.440002,248.440002,1981200
59,245.350006,246.690002,242.520004,244.520004,244.520004,2119700
60,241.160004,242.470001,229.009995,231.639999,231.639999,8619400
61,234.570007,234.880005,228,231.429993,231.429993,5887000
62,226.25,229.720001,225.5,229.300003,229.300003,5307700
63,228.600006,230.899994,227.809998,228.279999,228.279999,3855600
64,228.669998,229.389999,222.259995,223.710007,223.710007,6063600
65,221.539993,224.860001,212.339996,214.360001,214.360001,9225600
66,209.339996,217.729996,204.270004,216.889999,216.889999,9431500
67,214.130005,216.770004,207.699997,209.839996,209.839996,7314100
68,210.529999,215.429993,208.229996,208.880005,208.880005,6694400
69,204.820007,211.679993,204.5,207,207,7173800
70,209.289993,209.800003,202.669998,204.039993,204.039993,5218300
71,200.889999,203.679993,195.369995,197.809998,197.809998,8426100
72,193.059998,206.649994,192.649994,205.820007,205.820007,7367800
73,212.380005,218.440002,211.800003,218.259995,218.259995,7483300
74,220.190002,220.399994,214.5,219.289993,219.289993,6910500
75,220,224.059998,218.259995,222.600006,222.600006,4799400
76,223.809998,224.320007,219.520004,220.970001,220.970001,4505700
77,219.770004,222.5,219.25,222.259995,222.259995,1332200
78,221.509995,228.5,221.5,227.820007,227.820007,3327000
79,226.899994,227.910004,224.020004,225.710007,225.710007,2802500
80,223.990005,225.649994,221.399994,222.229996,222.229996,2903200
81,223.089996,225.679993,222.25,222.410004,222.410004,2402100
82,222.869995,223.25,213.259995,219.309998,219.309998,4764400
83,214.550003,216.5,207.160004,210.089996,210.089996,5368500
84,210.059998,214.199997,204.210007,211.279999,211.279999,6261900
85,213.350006,214.779999,209.779999,210.949997,210.949997,2968400
86,212.809998,213.800003,210.009995,210.619995,210.619995,3442500
87,208.919998,209.979996,204.960007,206.660004,206.660004,4591300
88,203.050003,204.470001,199.25,202.210007,202.210007,5944200
89,203.320007,207.610001,200.910004,204.25,204.25,4477300
90,185.830002,195.199997,185,192.690002,192.690002,11551900
91,194.490005,195.75,190,191.869995,191.869995,5216500
92,190.699997,194.490005,189.649994,193.070007,193.070007,3603200
93,193.869995,194.119995,187.039993,191.929993,191.929993,4489400
94,189.550003,198.679993,189.509995,196.570007,196.570007,4153000
95,197,203.240005,195.199997,201.619995,201.619995,4116900
96,200.289993,203.5,198.330002,201.289993,201.289993,3438600
97,201.830002,208.619995,201.050003,206.550003,206.550003,3234500
98,204.419998,208.029999,203.300003,205.979996,205.979996,2781000
99,206.110001,206.369995,198.419998,199.369995,199.369995,3149600
100,201.070007,205.979996,196.5,205.199997,205.199997,3548100
101,203.960007,207.470001,203,203.600006,203.600006,3007000
102,203.970001,211.949997,203.300003,210.940002,210.940002,4149200
103,213.220001,220.369995,211.270004,218.360001,218.360001,4812900
104,218.289993,221.479996,216.800003,218.550003,218.550003,3305400
105,219.880005,225.479996,219.639999,220.990005,220.990005,3522900
106,222,223.399994,216.5,217.360001,217.360001,3233200
107,215.380005,217.929993,211.990005,217.479996,217.479996,3472400
108,217.550003,220.5,215,216.289993,216.289993,5390500
109,212.210007,214.740005,207.279999,212.800003,212.800003,9769100
110,193.570007,203.089996,193.279999,202.880005,202.880005,15649600
111,202.899994,205.990005,200.910004,203.770004,203.770004,6191000
112,205.699997,205.699997,201.5,204.350006,204.350006,3979600
113,204.169998,206.169998,202.600006,204.460007,204.460007,2708800
114,205,212.440002,203.75,211.710007,211.710007,5154100
115,210.779999,217.600006,209.809998,217.110001,217.110001,5982100
116,215.660004,218.199997,206.330002,207.339996,207.339996,8499800
117,207.289993,207.289993,201.699997,204.110001,204.110001,6584900
118,204.940002,207.139999,202.580002,203.759995,203.759995,3909500
119,204,211.089996,202.220001,207.190002,207.190002,6472900
120,206.899994,208.550003,202.800003,203.339996,203.339996,3882100
121,202.699997,203.339996,195.830002,197.330002,197.330002,7922100
122,196.809998,200.240005,195.320007,199.559998,199.559998,4432300
123,199.25,202.520004,197.210007,202.440002,202.440002,4212000
124,202.850006,206.190002,200.149994,200.630005,200.630005,4877000
125,199.210007,200.75,192.149994,193.880005,193.880005,6712400
126,194.389999,194.490005,188.25,190.880005,190.880005,6736700
127,188.460007,193.5,187.600006,190.320007,190.320007,5530900
128,191.149994,196.179993,191.009995,193.740005,193.740005,4974900
129,193.75,194.449997,189.75,191.070007,191.070007,4149300
130,188.949997,191.75,187.320007,188.679993,188.679993,5434300
131,192,195.910004,189.800003,195.699997,195.699997,5628800
132,195.429993,198.710007,193.940002,194.729996,194.729996,4883200
133,194.960007,200.880005,193.110001,200.710007,200.710007,4756300
134,202,204.589996,194.529999,195.649994,195.649994,8475200
135,197.449997,198.990005,195.619995,198.080002,198.080002,4269500
136,198.5,200.5,197.470001,199.630005,199.630005,2620900
137,201.580002,203.789993,199.75,201.720001,201.720001,3649900
138,198.270004,198.589996,192.699997,194.300003,194.300003,5730400
139,193.919998,194.789993,189.699997,190.410004,190.410004,4128000
140,189.070007,189.289993,181.399994,185,185,8526900
141,185.850006,192.25,181.800003,190.570007,190.570007,10089500
142,193.529999,193.759995,188.410004,188.770004,188.770004,5026600
143,188.699997,192.300003,186.050003,187.589996,187.589996,3786000
144,190.229996,193.229996,190,191,191,5010400
145,198,207.75,197.5,203.100006,203.100006,12455800
146,202.509995,205.059998,201.139999,203.25,203.25,4347900
147,208.199997,210.899994,205.869995,207.669998,207.669998,6303100
148,208.429993,210.369995,206.119995,210.089996,210.089996,3800200
149,209.850006,211.649994,209,210.899994,210.899994,4067700
150,210.440002,213,209.050003,209.779999,209.779999,3758200
151,208.570007,209.490005,205.5,207.460007,207.460007,3017000
152,207.460007,209.589996,206.600006,207.830002,207.830002,1952400
153,207.699997,209.169998,206.289993,206.699997,206.699997,1659100
154,204.990005,206.880005,203.5,206.789993,206.789993,2469900
155,206.779999,207.850006,203.850006,205.270004,205.270004,2554700
156,205.800003,210.75,204.309998,209.410004,209.410004,3432500
157,212.5,221.880005,211.690002,219.440002,219.440002,7863000
158,218.270004,221.479996,217.149994,218.600006,218.600006,4411200
159,220.5,220.800003,218.009995,218.429993,218.429993,2427800
160,222.559998,238.75,222,231.550003,231.550003,11672600
161,234.75,235.5,228.029999,230.479996,230.479996,6085400
162,230.050003,234.970001,227.630005,232.449997,232.449997,3936100
163,230.389999,232.889999,225.169998,226.050003,226.050003,3911900
164,229.940002,231.770004,220.410004,226.029999,226.029999,5281700
165,228.179993,234.729996,227.110001,230.509995,230.509995,4434600
166,237.759995,239.5,229.130005,232.949997,232.949997,5796900
167,234.100006,234.470001,228.199997,230.429993,230.429993,5270900
168,221,237.479996,220.25,236.800003,236.800003,9455900
169,235.990005,238.410004,233.699997,236.610001,236.610001,4668200
170,236.289993,242.880005,235.309998,239.490005,239.490005,5672300
171,240.110001,246.350006,238.190002,244.740005,244.740005,6363400
172,247.610001,248.300003,242.25,243.179993,243.179993,5440200
173,244.820007,244.889999,241.25,244.100006,244.100006,2895900
174,243.929993,249.399994,242.5,248.839996,248.839996,4527600
175,247,249.899994,246,248.75,248.75,3348000
176,248.429993,251,246.149994,247.139999,247.139999,3674200
177,247.130005,247.740005,241.369995,244.350006,244.350006,3755600
178,243.029999,246.619995,242.360001,245.619995,245.619995,1970600
179,245.380005,248.600006,245.009995,247.729996,247.729996,2223100
180,247.679993,252,246.5,247.460007,247.460007,3498700
181,248.509995,249.5,245.550003,247.429993,247.429993,3408200
182,247.029999,251.800003,245.050003,251.449997,251.449997,3647300
183,251,252.869995,249.429993,250.800003,250.800003,3781700
184,251.410004,251.600006,247.470001,249.449997,249.449997,2505100
185,248.919998,249.399994,246.300003,248.350006,248.350006,2125800
186,248.199997,250.720001,247.009995,248.990005,248.990005,1781500
187,247.5,249.300003,245.710007,245.919998,245.919998,2453600
188,246,249.699997,245.679993,249.139999,249.139999,3022000
189,250.850006,258.75,250.309998,256.290009,256.290009,5001200
190,255.399994,257.73999,254.139999,256,256,2611100
191,251.899994,254,248.5,250.699997,250.699997,3454500
192,253.259995,254.369995,250.429993,251.410004,251.410004,2044100
193,250.210007,253.460007,250.210007,250.690002,250.690002,1422300
194,249.699997,251.279999,246.009995,250.380005,250.380005,2186200
195,250.130005,253.440002,249.100006,253.119995,253.119995,1984700
196,252.169998,264.359985,252.020004,260.410004,260.410004,5512900
197,262,263.459991,260.019989,261.890015,261.890015,2782700
198,262.399994,263.799988,260.100006,262.51001,262.51001,2463000
199,262.149994,264.399994,255.690002,259.790009,259.790009,4561100
200,260.320007,268,258.570007,267.670013,267.670013,3870800
201,266.980011,267.350006,263.720001,265.170013,265.170013,2412300
202,266.450012,271.410004,265.25,268.790009,268.790009,2849200
203,268.890015,269.109985,266,267.089996,267.089996,3838400
204,261.950012,265.950012,260.700012,262.019989,262.019989,3478900
205,264.799988,270.920013,264,268.26001,268.26001,3086900
206,271.109985,272.619995,267.850006,269.149994,269.149994,2101200
207,280.200012,282.450012,273.309998,280.019989,280.019989,7163900
208,278.880005,281.690002,276.299988,279.720001,279.720001,4121900
209,275,275.200012,260.769989,267.880005,267.880005,6105100
210,259.320007,260.799988,254.309998,254.960007,254.960007,6221100
211,259.079987,262.950012,256.790009,257.920013,257.920013,3334100
212,262.220001,263,257.820007,259.149994,259.149994,2610900
213,262.25,262.549988,256.049988,262.160004,262.160004,2960300
214,262.100006,265.98999,260.51001,265.649994,265.649994,1907600
215,266.73999,267.48999,262.079987,263.140015,263.140015,2021600
216,264.220001,267.200012,263.160004,266.679993,266.679993,1616000
217,272.5,275.540009,268.25,274.660004,274.660004,5004100
218,275,286.649994,272.540009,282.26001,282.26001,4978500
219,270.049988,273.5,266.549988,266.769989,266.769989,6108700
220,261.269989,269.440002,260.859985,267.869995,267.869995,3105000
221,269.649994,269.899994,265.269989,267.200012,267.200012,2227200
222,267.380005,271.089996,263.920013,265.410004,265.410004,2836500
223,262.429993,264.429993,250.789993,253.009995,253.009995,4694200
224,255.75,265.399994,251.839996,264.820007,264.820007,3895800
225,264.269989,267.890015,262,263.820007,263.820007,2790100
226,262.690002,266.940002,262.109985,266.790009,266.790009,2034600
227,267.600006,269.359985,265.119995,266.149994,266.149994,2222600
228,266.290009,266.709991,257.070007,259.98999,259.98999,2553500
229,260.01001,266.720001,258.339996,266.279999,266.279999,2352500
230,263.579987,271,260.399994,270.130005,270.130005,6214300
231,249.539993,255,236.119995,246.130005,246.130005,14623800
232,243.580002,243.729996,238.389999,242.509995,242.509995,5073400
233,238.149994,242.970001,236.050003,241.139999,241.139999,4185900
234,237.149994,239.300003,234.440002,237.369995,237.369995,4253300
235,235,239.770004,232.740005,238.169998,238.169998,3728000
236,239.860001,246.479996,239.119995,242.509995,242.509995,4689200
237,247.240005,247.929993,241.770004,243.149994,243.149994,4351700
238,255.559998,256.589996,250.509995,254.990005,254.990005,7176700
239,255.380005,260.950012,253.559998,260.720001,260.720001,4195000
240,260.329987,260.649994,255.020004,255.25,255.25,3604300
241,252.059998,254.559998,241.899994,242.179993,242.179993,4905800
242,236,243.800003,230.509995,230.770004,230.770004,6590200
243,202.789993,231.399994,195,218.869995,218.869995,9581600
244,230.520004,230.899994,219.119995,220.029999,220.029999,4327300
245,227.929993,228,215.509995,224.839996,224.839996,4963000
246,231,244.75,230.809998,242.990005,242.990005,7656000
247,241.860001,251.449997,241.570007,248.479996,248.479996,5513700
248,245.619995,254.949997,245.509995,249.059998,249.059998,4680800
249,240.339996,246,236.970001,238.630005,238.630005,5454800
250,245.300003,247.880005,239.779999,247.690002,247.690002,4629200
251,252.059998,252.080002,245,245.570007,245.570007,4194800
252,240.889999,244.089996,238.199997,241.929993,241.929993,3689200
253,245.050003,249.160004,244.050003,248.169998,248.169998,3138200
254,252.050003,254.25,248.300003,248.910004,248.910004,3384700
255,247.229996,250.720001,245.330002,248.479996,248.479996,2709000
256,247.639999,250.240005,244.729996,250.240005,250.240005,2350800
257,251.100006,254.25,249.669998,253.190002,253.190002,2890900
258,252.75,254.600006,249.5,253.570007,253.570007,2929300
259,253.039993,262.880005,252.880005,262.25,262.25,4417100
260,263.959991,265.5,260.690002,262.070007,262.070007,3585800
261,257.959991,263.820007,257.5,260.619995,260.619995,3739800
262,263.980011,271.570007,255.800003,264.200012,264.200012,6120200
263,259.029999,262.649994,255.869995,260.940002,260.940002,3664400
264,261.950012,262.079987,257.579987,261.059998,261.059998,2600800
265,259.529999,263.450012,256.209991,263.119995,263.119995,3448200
266,266.609985,266.910004,256.149994,256.910004,256.910004,3773400
267,257.350006,259.790009,246.610001,248.429993,248.429993,4901100
268,250.460007,254.729996,245.460007,246.649994,246.649994,3703200
269,252,252.399994,242.339996,248.399994,248.399994,4923300
270,247.509995,248.5,237.130005,239.880005,239.880005,4573000
271,235.600006,247.699997,234.929993,247.570007,247.570007,4424000
272,248.839996,249.839996,244.130005,246.149994,246.149994,3689900
273,240,243.029999,235.580002,241.460007,241.460007,5225200
274,236.630005,237.699997,229.119995,231.960007,231.960007,6814000
275,230.080002,230.720001,221.309998,226.720001,226.720001,6133200
276,220.929993,224.369995,218.360001,220.690002,220.690002,6158400
277,222.990005,223,215.270004,215.580002,215.580002,3836300
278,213.279999,222.520004,211.130005,219.25,219.25,5171500
279,220.669998,220.949997,215.429993,216.880005,216.880005,3104400
280,216.429993,221.729996,213.699997,221.309998,221.309998,2844200
281,223.039993,230.479996,222.869995,227.009995,227.009995,4334500
282,226.5,231.149994,224.940002,228.100006,228.100006,2507900
283,227.720001,228.600006,202,213.029999,213.029999,14863300
284,211.990005,214.809998,208.800003,210.089996,210.089996,4151500
285,211.559998,215.75,209.399994,211.720001,211.720001,2825200
286,215,215.350006,207.690002,209.089996,209.089996,4235500
287,211.380005,215.880005,210,215.259995,215.259995,3391400
288,214.839996,217.100006,207.509995,210.350006,210.350006,3519400
289,211.309998,213.449997,208.300003,212.960007,212.960007,2728600
290,211.75,213.75,210.639999,211.630005,211.630005,1782400
291,210.399994,211.630005,203.889999,206.929993,206.929993,4438900
292,208.919998,215.800003,207.220001,213.789993,213.789993,3927900
293,213.850006,214.440002,207.75,208.350006,208.350006,8332500
294,227,232.740005,225.199997,231.630005,231.630005,12706700
295,230.580002,234.580002,229.190002,231.770004,231.770004,4496800
296,230.699997,233.360001,229.5,232.360001,232.360001,2445300
297,232.990005,232.990005,224.309998,225.330002,225.330002,3850900
298,223.479996,223.699997,216.080002,216.5,216.5,4617000
299,217.770004,219.479996,213.630005,219.080002,219.080002,3347800
300,217.850006,219,212.660004,212.940002,212.940002,2915900
301,212.949997,212.990005,206.520004,207.190002,207.190002,3430300
302,206.089996,214.979996,205.800003,214.309998,214.309998,2925400
303,215.199997,216,211.399994,214,214,2148700
304,214.5,221.380005,212.520004,221.070007,221.070007,2811900
305,220.539993,226.190002,220.300003,221.800003,221.800003,2504400
306,223.490005,225,213.580002,220.009995,220.009995,4400700
307,217.350006,219.179993,214.679993,217.75,217.75,2526200
308,215.369995,221,215,218.25,218.25,2480300
309,221.339996,230.830002,220.380005,229.639999,229.639999,3990800
310,231.059998,232.25,227.009995,231.610001,231.610001,1949400
311,231.789993,234.279999,229.080002,230.259995,230.259995,2659800
312,231.059998,238,231.050003,237.190002,237.190002,3734000
313,237,238.600006,231.229996,231.990005,231.990005,2981500
314,235.479996,237.449997,230,232.710007,232.710007,2939600
315,232.460007,233.270004,227.660004,230.380005,230.380005,2573600
316,227.699997,235.630005,226.149994,231.130005,231.130005,3144200
317,227.520004,228.800003,224.199997,226.720001,226.720001,2687600
318,226.699997,227.5,220.720001,224.520004,224.520004,3057800
319,224.710007,228.490005,223.639999,227.070007,227.070007,2067000
320,225.240005,225.75,216.639999,217.020004,217.020004,3268700
321,217.509995,220.919998,214.869995,218.580002,218.580002,2827100
322,221.820007,222.220001,218,221.089996,221.089996,2244400
323,222.100006,234.880005,220.729996,234.509995,234.509995,5104300
324,233.940002,237.759995,229.809998,233.389999,233.389999,3298600
325,232.889999,235.899994,229.289993,230.460007,230.460007,3014200
326,231.690002,235.830002,231.080002,232.559998,232.559998,1953200
327,234.990005,236.550003,229.630005,229.949997,229.949997,1958700
328,232.179993,233.449997,228.130005,229.699997,229.699997,1555000
329,230.559998,231.880005,228.279999,230.570007,230.570007,710300
330,231.490005,231.979996,225.539993,228.949997,228.949997,1900200
331,230.059998,237.720001,229.550003,237.190002,237.190002,2406300
332,236.600006,243.630005,235.669998,238.089996,238.089996,3697900
333,238.509995,243.449997,238.369995,240.009995,240.009995,2715000
334,230.720001,231.380005,219,223.410004,223.410004,6827100
335,226.360001,226.889999,220,223.429993,223.429993,3186800
336,220,220.050003,215.979996,219.039993,219.039993,3779100
337,214.190002,218.440002,213.669998,215.649994,215.649994,3554300
338,217.860001,220.440002,210.770004,211,211,3628100
339,214.009995,214.449997,203,207.850006,207.850006,4089700
340,211.600006,213.740005,205.309998,209.970001,209.970001,3091900
341,212.009995,212.649994,200,200.309998,200.309998,4126400
342,202.210007,210,193.380005,206.179993,206.179993,6490700
343,198.970001,205.070007,197.25,204.990005,204.990005,5578600
344,208.710007,210.470001,200.779999,204.720001,204.720001,4038700
345,199.399994,201.279999,191.25,198.699997,198.699997,5838600
346,201.550003,203.229996,195.020004,199.970001,199.970001,3166200
347,204.800003,205.5,199.029999,202.550003,202.550003,3124100
348,200.059998,203.570007,195.880005,196.380005,196.380005,2698700
349,196.699997,197.820007,188.880005,193.559998,193.559998,4946800
350,192.380005,193.259995,185.770004,188.070007,188.070007,3617200
351,190.789993,191.279999,182.410004,189.699997,189.699997,4592800
352,189.949997,193.740005,188.080002,191.199997,191.199997,2852300
353,188.759995,199.520004,182.75,196.940002,196.940002,5297600
354,192.419998,193.119995,180.229996,182.779999,182.779999,5773600
355,183.589996,183.940002,170.179993,173.479996,173.479996,7931400
356,170.699997,175.979996,166.990005,175.330002,175.330002,4363900
357,171.300003,173,157.740005,162.600006,162.600006,9437600
358,157.100006,157.149994,146,147.990005,147.990005,9313000
359,142.320007,159.789993,141.050003,148.25,148.25,8575100
360,150.5,154.970001,141.740005,143.669998,143.669998,10406500
361,152,163.259995,147,150.470001,150.470001,14252400
362,155,157.009995,143.699997,151.039993,151.039993,7235800
363,158.699997,162.949997,154.110001,155.169998,155.169998,5593800
364,159,169.339996,156.679993,168.679993,168.679993,5825200
365,172.419998,172.949997,164.770004,166.770004,166.770004,3887600
366,163.660004,167.490005,162.5,166.580002,166.580002,2959400
367,170.119995,178.910004,169.850006,177.740005,177.740005,5060100
368,176.160004,181.729996,173.679993,177.210007,177.210007,5984400
369,172.75,179.5,167.839996,179,179,5395600
370,178.649994,188.520004,175.199997,187.429993,187.429993,5720500
371,188.699997,192,185,190.339996,190.339996,6065100
372,192.399994,196.350006,189.220001,191.929993,191.929993,4499000
373,194.25,195.949997,182.699997,186.350006,186.350006,6712200
374,183.729996,188.520004,181.5,188.339996,188.339996,4862400
375,188.279999,197.419998,184.220001,195.740005,195.740005,4820500
376,198,204.029999,197.5,201.039993,201.039993,6489100
377,197.679993,209.699997,197.399994,205.289993,205.289993,5329400
378,203.5,207.5,202.199997,202.600006,202.600006,4178700
379,204.520004,209.369995,202.789993,208.720001,208.720001,3208600
380,210,213.289993,200.669998,205.179993,205.179993,5183200
381,207.929993,209.419998,205.330002,207.5,207.5,3343100
382,212.649994,216.720001,210.639999,215.149994,215.149994,4065700
383,214.270004,218.970001,211.5,218.339996,218.339996,3180500
384,218,222.580002,217.020004,221.929993,221.929993,3516700
385,221.470001,228.5,220,226.380005,226.380005,3782900
386,229.100006,234.479996,228.059998,232.740005,232.740005,4711800
387,235.339996,239.880005,235,238.320007,238.320007,5307800
388,237.210007,238.990005,232.559998,234.240005,234.240005,4316000
389,232.369995,234.729996,222.029999,222.580002,222.580002,4948800
390,215.779999,228.889999,215,227.75,227.75,4960900
391,231.610001,234.809998,225,230.259995,230.259995,3925700
392,229.889999,232.380005,225.330002,230.130005,230.130005,4004900
393,235.089996,235.5,226.5,226.889999,226.889999,4033000
394,229.339996,237.419998,225.009995,229.770004,229.770004,8012900
395,244.830002,247.899994,233.25,237.589996,237.589996,15997500
396,249.119995,252.119995,243.639999,246.990005,246.990005,13475300
397,240.5,256.559998,240,255.470001,255.470001,9948700
398,253.970001,267.73999,253.449997,265.420013,265.420013,11679900
399,266.450012,269.339996,254.509995,257.200012,257.200012,8856200
400,260.5,260.820007,248.020004,250.070007,250.070007,7363900
401,251,258.98999,245.300003,249.919998,249.919998,9161700
402,249.5,251.800003,243.630005,247.820007,247.820007,5750800
403,248.509995,255.5,247.330002,254.529999,254.529999,4925600
404,253,256.839996,251.050003,251.860001,251.860001,4120000
405,251.309998,254.600006,249.119995,254.509995,254.509995,3752400
406,252.229996,258.309998,251.660004,253.880005,253.880005,4261800
407,253.119995,254.369995,241.25,247.369995,247.369995,6357500
408,246.259995,253.660004,241.5,249.970001,249.970001,5194100
409,248.990005,250.899994,246.910004,248.289993,248.289993,2783100
410,248.889999,254,245.710007,253.75,253.75,3786300
411,253.009995,257.380005,250.759995,251.820007,251.820007,3670300
412,252.050003,255.729996,249.389999,253.740005,253.740005,3223800
413,252.75,255,249.399994,251.470001,251.470001,3205800
414,249.850006,253.429993,247.440002,247.710007,247.710007,2519000
415,248.139999,248.429993,237.809998,240.759995,240.759995,5413800
416,241.5,243.190002,234.820007,241.800003,241.800003,3843900
417,237.360001,238.910004,231.619995,232.320007,232.320007,4302200
418,230.289993,234.460007,220.399994,222.559998,222.559998,8262500
419,228.460007,228.639999,209.789993,211.529999,211.529999,11254800
420,210.869995,216.369995,208.110001,214.929993,214.929993,5685200
421,215.720001,216.149994,206.800003,208.919998,208.919998,4776400
422,207.550003,209.470001,205,208.690002,208.690002,4065200
423,207.589996,215.479996,206.050003,208.960007,208.960007,5161900
424,211.440002,211.669998,203.660004,207.279999,207.279999,3650500
425,207.779999,211.199997,206.699997,207.610001,207.610001,2822800
426,208.149994,213.149994,207.919998,208.289993,208.289993,2949400
427,209.050003,209.820007,204.020004,204.660004,204.660004,2843600
428,209.149994,215.309998,207.75,211.169998,211.169998,5617500
429,213.619995,216.789993,207.300003,215.210007,215.210007,6866300
430,216.990005,220.550003,216.350006,220.279999,220.279999,9007100
431,219.869995,222.600006,215.860001,216.220001,216.220001,5093200
432,216.600006,218.740005,215.179993,217.910004,217.910004,3013800
433,217.910004,221.360001,216.509995,219.580002,219.580002,3126800
434,220.5,225.259995,219.050003,225.119995,225.119995,4064000
435,224.990005,225.929993,220.75,223.039993,223.039993,3650300
436,223.039993,224.75,221.5,223.229996,223.229996,2789000
437,221.479996,222.399994,216.889999,219.559998,219.559998,2982700
438,219.589996,219.910004,217.110001,218.960007,218.960007,2009400
439,220,221.940002,218.009995,218.990005,218.990005,2229000
440,218,220.899994,215.449997,220.679993,220.679993,2249500
441,222.240005,234.440002,221.520004,232.339996,232.339996,6213600
442,233.800003,240.850006,232.610001,235.520004,235.520004,5972000
443,234.979996,235.330002,227.059998,229.360001,229.360001,4492100
444,227.389999,227.970001,218.419998,218.789993,218.789993,6026600
445,219.5,225.770004,217.660004,217.869995,217.869995,4193000
446,218.880005,222.199997,212.529999,214.960007,214.960007,3580200
447,216.949997,221.899994,215.130005,217.699997,217.699997,2908500
448,217.419998,218.039993,213.5,217.929993,217.929993,2440300
449,217.809998,219.990005,214.5,215.470001,215.470001,3112600
450,219.5,223.75,218.229996,219.699997,219.699997,3555500
451,220.679993,222.570007,218.809998,219.610001,219.610001,4529000
452,199.470001,205.949997,195.75,196.660004,196.660004,23742400
453,195.690002,197.550003,192.130005,196.399994,196.399994,10130700
454,190.050003,195.119995,189.729996,193.149994,193.149994,7026500
455,190.860001,198.809998,187.869995,198.550003,198.550003,7205400
456,201.889999,204.050003,199.410004,201.789993,201.789993,6212400
457,205.130005,211.779999,203,210.190002,210.190002,5994900
458,212.970001,213.5,209.020004,212.279999,212.279999,4843100
459,206.139999,218.240005,206,216.5,216.5,5400000
460,209.729996,214.539993,208,213.979996,213.979996,5175300
461,210,215.229996,209,214.440002,214.440002,4919900
462,213.100006,218.119995,213.009995,215.940002,215.940002,3599700
463,217.800003,219.809998,214.5,216.779999,216.779999,4074800
464,219.960007,226.779999,219.509995,224.779999,224.779999,5429800
465,224.100006,227.5,223.220001,224.649994,224.649994,4571300
466,225.5,225.589996,220.289993,222.529999,222.529999,3567100
467,223.119995,224.940002,221.050003,221.529999,221.529999,2675800
468,222.520004,222.75,219.639999,220.399994,220.399994,2234200
469,219.639999,227.089996,218.300003,226.25,226.25,3412100
470,225,229.100006,224.75,225.259995,225.259995,3115100
471,226.470001,229.800003,225,228.360001,228.360001,2568500
472,226,227.850006,219.100006,220.5,220.5,4428700
473,221.990005,224.5,218.880005,222.270004,222.270004,2579700
474,222.270004,231.389999,221.369995,230.009995,230.009995,4490700
475,227.690002,230,225.300003,229.509995,229.509995,3430000
476,229.339996,233.360001,226.919998,228.490005,228.490005,2885200
477,227.949997,230.759995,226.600006,230.610001,230.610001,2419100
478,230.699997,235.279999,230.240005,234.789993,234.789993,3070800
479,235.5,236.630005,229.380005,230.009995,230.009995,4016300
480,229.369995,229.869995,221.399994,227.199997,227.199997,3934400
481,227.369995,229.699997,224.210007,225.789993,225.789993,3887800
482,225.690002,230.860001,222.050003,230.610001,230.610001,4122800
483,230,232,227.399994,230.029999,230.029999,3205200
484,228,229.600006,226.089996,226.160004,226.160004,2263600
485,226.820007,231.539993,226.649994,229.080002,229.080002,2207800
486,228.240005,229.869995,224.619995,225.649994,225.649994,2338300
487,226.169998,227.570007,223.410004,224.910004,224.910004,1875800
488,225.410004,226.649994,224.039993,225.610001,225.610001,1813500
489,226.020004,229.5,224.929993,225.589996,225.589996,2034300
490,225.490005,227.190002,223.410004,223.610001,223.610001,2267100
491,224.330002,224.830002,222.800003,223.240005,223.240005,1787100
492,223.820007,225.660004,222.289993,223.509995,223.509995,1714500
493,223.539993,225.169998,222.529999,225,225,1659500
494,224.169998,225.110001,222.679993,222.929993,222.929993,2065500
495,224.320007,228.490005,222.800003,224.839996,224.839996,4784400
496,227.050003,227.149994,222.220001,222.619995,222.619995,2570700
497,223.110001,223.800003,220.770004,220.960007,220.960007,1762500
498,222.139999,222.860001,218.820007,219.990005,219.990005,2239000
499,220.149994,220.399994,215,215.199997,215.199997,3257100
500,216.110001,216.110001,210.520004,211.339996,211.339996,3168900
501,210.429993,212.600006,208.649994,212.009995,212.009995,3276500
502,209.009995,211.100006,200.5,200.770004,200.770004,7943100
503,202.330002,203.199997,196.199997,197.779999,197.779999,5977400
504,199.020004,203.25,199,202.830002,202.830002,4390600
505,205.5,206.5,200.710007,201.710007,201.710007,3640900
506,199.550003,199.889999,196.360001,197.360001,197.360001,3370000
507,199.089996,199.919998,193.699997,194.470001,194.470001,3757000
508,195,201.369995,194.100006,198.300003,198.300003,3715200
509,197.059998,198.490005,193.449997,196.050003,196.050003,3589400
510,195.75,197.919998,194.860001,196.410004,196.410004,2254500
511,196.490005,202.520004,196.399994,200.419998,200.419998,3077200
512,200.419998,205.699997,199,205.399994,205.399994,3107800
513,207,209.429993,205,206.339996,206.339996,2297000
514,206.850006,207.75,203.910004,204.639999,204.639999,2410500
515,206.369995,207,201.559998,205.220001,205.220001,2633500
516,206.399994,207.279999,203,206.429993,206.429993,2382900
517,205.990005,210.179993,205.669998,207.449997,207.449997,2905200
518,206.5,211,206.5,208.990005,208.990005,2394400
519,209.649994,209.979996,204.610001,205.809998,205.809998,3373200
520,207.509995,208.25,205.259995,206.270004,206.270004,2088400
521,205.600006,207.330002,200.580002,200.699997,200.699997,2727000
522,202.210007,204.979996,199.550003,204.029999,204.029999,2586300
523,212.300003,215.669998,208.25,213.699997,213.699997,5999900
524,213.100006,213.320007,208.820007,211.410004,211.410004,3541500
525,212.240005,213.149994,208.119995,208.460007,208.460007,1877500
526,202.460007,204.210007,200.210007,201,201,4703400
527,201,201.320007,195.800003,196.610001,196.610001,3493000
528,201.350006,204.139999,199.660004,200.949997,200.949997,3303100
529,201.850006,202.199997,198.309998,200.100006,200.100006,2328400
530,200.949997,203.880005,200.419998,201.509995,201.509995,1970700
531,200.5,200.899994,197.050003,200.240005,200.240005,2494600
532,200.660004,201.429993,196.300003,196.509995,196.509995,4269900
533,197.050003,198.389999,192,193.960007,193.960007,4554100
534,195.990005,199.470001,193.259995,199.100006,199.100006,5669000
535,199.740005,206.660004,198.059998,203.559998,203.559998,6991200
536,202.119995,203,197.050003,199.100006,199.100006,5072900
537,198.600006,201.570007,197.410004,200.089996,200.089996,2943400
538,201,203.949997,200.25,202.759995,202.759995,2751600
539,202.899994,204.690002,201.199997,202.339996,202.339996,2445000
540,201,203.190002,200.100006,202.240005,202.240005,5632800
541,211.339996,213.699997,201.649994,204.009995,204.009995,13093700
542,204,205.320007,199.830002,199.970001,199.970001,4280100
543,202.490005,202.490005,195.809998,197.729996,197.729996,4692300
544,198.039993,198.5,188.110001,190.789993,190.789993,7060000
545,190.050003,192.699997,187.509995,188.020004,188.020004,4253400
546,189,191.470001,187.039993,187.419998,187.419998,2653000
547,189,193.460007,185.960007,190.559998,190.559998,5146000
548,193.589996,194.289993,190.050003,193.210007,193.210007,3870100
549,193.789993,197.490005,191.259995,194.940002,194.940002,3251400
550,186.880005,192,183.949997,190.059998,190.059998,8173100
551,191.050003,191.610001,180.419998,185.350006,185.350006,6750300
552,184.240005,188.880005,183,188.559998,188.559998,3988500
553,188,188.25,178.190002,181.449997,181.449997,6542200
554,182.779999,186.429993,182.050003,183.770004,183.770004,3902000
555,182.649994,184.729996,181.210007,183.929993,183.929993,3430400
556,183.490005,189.490005,182.110001,188.660004,188.660004,4887100
557,190.649994,193,185,185.020004,185.020004,5210300
558,185.039993,188.889999,184.410004,184.520004,184.520004,4361000
559,185.839996,191.470001,183.710007,191.169998,191.169998,5603400
560,190.610001,195.639999,189,193.139999,193.139999,4885300
561,193.639999,197.240005,193.639999,196.649994,196.649994,2366100
562,195.479996,199.350006,194.550003,196.119995,196.119995,4529200
563,195.559998,196.729996,189.5,189.570007,189.570007,4439300
564,191,191.889999,187.5,189.399994,189.399994,3547100
565,188.25,188.529999,181,181.880005,181.880005,5126400
566,182.880005,184.880005,180,181.470001,181.470001,4042300
567,182.509995,188.889999,182.509995,186.800003,186.800003,4072200
568,185.520004,186.580002,182.679993,185.850006,185.850006,3391600
569,186.149994,193.399994,185,193.149994,193.149994,5461900
570,192.050003,192.5,189.539993,192.289993,192.289993,3194100
571,190.869995,193.839996,190.809998,192.179993,192.179993,2722500
572,192.800003,194.419998,191.179993,192.429993,192.429993,2438900
573,193.179993,201.279999,193,198.149994,198.149994,6823900
574,198.740005,203,196.759995,198.690002,198.690002,4150900
575,198.410004,200.740005,197.389999,197.580002,197.580002,3219600
576,198.080002,202.589996,197.600006,202.490005,202.490005,3779800
577,202.490005,204.449997,199.839996,202.729996,202.729996,3488100
578,203.050003,209,202.5,208.789993,208.789993,4689100
579,208.449997,212.229996,207.410004,207.699997,207.699997,5207600
580,208.220001,209.990005,206.5,208.449997,208.449997,3111100
581,208,213.449997,207.710007,213.339996,213.339996,4662900
582,214.880005,222.25,214.419998,219.529999,219.529999,5915700
583,221.529999,223.800003,217.199997,219.740005,219.740005,3782500
584,218.559998,219.199997,214.119995,214.679993,214.679993,4035900
585,216.300003,217.5,211.679993,213.690002,213.690002,4642600
586,214.860001,220.330002,210.960007,216.990005,216.990005,5923300
587,214.75,228,214.309998,226.990005,226.990005,11213500
588,226.419998,227.479996,221.949997,226.75,226.75,5911700
589,226.929993,230.309998,225.449997,229.009995,229.009995,5527900
590,228.970001,231.919998,228,231.279999,231.279999,3957000
591,232,232,226.889999,229.869995,229.869995,3660000
592,229.070007,229.979996,226.679993,229.729996,229.729996,3650800
593,229.059998,230.699997,225.580002,229.589996,229.589996,3790200
594,230,237.850006,229.589996,237.75,237.75,6093000
595,236.699997,239.960007,234.369995,235.580002,235.580002,4611900
596,236.649994,239.710007,235.580002,238.360001,238.360001,3769000
597,247.25,248.679993,240.75,243.759995,243.759995,7732300
598,245.460007,246,243.009995,244.729996,244.729996,4204300
599,245.850006,250.889999,245.5,248.919998,248.919998,6262900
600,250,254.800003,249.649994,254.610001,254.610001,4965500
601,257.309998,258.459991,251.800003,254.470001,254.470001,5142600
602,254.289993,255.740005,250.75,252.509995,252.509995,3152100
603,251.380005,253,248.520004,252.949997,252.949997,3166300
604,252.529999,255.289993,247.100006,250.630005,250.630005,3801100
605,249.240005,255.889999,247.699997,251.929993,251.929993,4116100
606,253.050003,253.199997,249.050003,249.240005,249.240005,3958800
607,248.339996,252.419998,247.710007,251.550003,251.550003,2499800
608,251.910004,252.179993,249.679993,251.330002,251.330002,2186700
609,251,257.820007,250.630005,257.769989,257.769989,3562500
610,258.190002,260,256.420013,257.480011,257.480011,4244800
611,257.350006,263.359985,256.200012,262.079987,262.079987,3933000
612,266.25,271.179993,266.149994,269.200012,269.200012,7820200
613,269.790009,270.950012,266.109985,269.230011,269.230011,3619700
614,270.73999,280.790009,270.51001,280.600006,280.600006,7029600
615,279.029999,287.390015,278.609985,280.980011,280.980011,7329400
616,280,282.23999,276.440002,279.76001,279.76001,4947900
617,277.600006,280,268.5,268.950012,268.950012,7077300
618,265.799988,272.890015,264.149994,272.230011,272.230011,6257100
619,275.450012,281.399994,274.01001,277.390015,277.390015,5676700
620,280.309998,283.450012,272.600006,273.51001,273.51001,8755000
621,264,264.660004,255.559998,255.990005,255.990005,14915200
622,252.660004,258.25,250.199997,257,257,8171600
623,248.169998,248.360001,242.009995,246.229996,246.229996,11460800
624,244.190002,251,243.899994,249.990005,249.990005,6078100
625,254.179993,254.850006,249.110001,250.020004,250.020004,4809500
626,249.710007,253.279999,248.270004,250.479996,250.479996,3351800
627,250.740005,251.899994,249,251.570007,251.570007,2919400
628,247.910004,251.699997,247.509995,251.210007,251.210007,3355500
629,251.919998,253.889999,248.320007,248.589996,248.589996,3459500
630,247,250.070007,245.320007,246.869995,246.869995,3725200
631,247.630005,248.660004,243,244.899994,244.899994,3879300
632,246.210007,246.5,243,243.690002,243.690002,3066300
633,244.820007,246.850006,242.779999,246.169998,246.169998,3022600
634,246.110001,258.119995,246.020004,258,258,7598400
635,257,261,254.270004,255.729996,255.729996,5330800
636,262.399994,265.75,259.059998,262.049988,262.049988,7132200
637,264,265.329987,261.200012,261.5,261.5,6497500
638,260.600006,264.549988,258.820007,261.920013,261.920013,3614300
639,262.829987,264.799988,250.240005,250.679993,250.679993,6908600
640,251.559998,255.070007,250.509995,255.009995,255.009995,4059300
641,255.389999,257.670013,253.300003,254.779999,254.779999,3320200
642,255.699997,263.890015,255.009995,263.160004,263.160004,5647300
643,260.600006,270.570007,259.75,270.220001,270.220001,6230800
644,277.019989,280.679993,275,277.450012,277.450012,7987600
645,278.339996,279.600006,275.540009,277.380005,277.380005,3676200
646,278.040009,282,277.209991,277.920013,277.920013,4148400
647,278.730011,279.679993,276.320007,278.299988,278.299988,3294600
648,286.899994,299,284.579987,298.519989,298.519989,13888600
649,296.890015,304.809998,294.529999,303.700012,303.700012,10134600
650,302.040009,304.880005,294.200012,295,295,7880900
651,296.880005,301.940002,294.100006,298.700012,298.700012,5520600
652,297.5,302.690002,297.149994,302.540009,302.540009,4579600
653,309.149994,313.730011,308.709991,312.390015,312.390015,7664500
654,313.380005,313.470001,305.5,308.709991,308.709991,5724600
655,306.339996,308.450012,296.320007,296.839996,296.839996,6050700
656,296.700012,307.390015,295.299988,304,304,9284600
657,302.700012,304,298.679993,301.440002,301.440002,4138700
658,299.700012,300.839996,297.899994,300.25,300.25,3035700
659,302.459991,306.619995,302.109985,305.519989,305.519989,3898000
660,306.51001,309.149994,300.230011,302.51001,302.51001,6149400
661,302,306.399994,300.420013,305.600006,305.600006,4509800
662,309.220001,310.549988,306.019989,308.029999,308.029999,5083500
663,308,313.980011,305.859985,313.790009,313.790009,6737700
664,312.369995,314.5,309,310.170013,310.170013,4695000
665,311.690002,313.089996,307.5,308.630005,308.630005,3468600
666,309.829987,314.799988,308,314.070007,314.070007,4463400
667,314.880005,327.25,314.809998,322.829987,322.829987,8829600
668,324,327.660004,316.559998,318.890015,318.890015,5382800
669,317.670013,321.529999,310.450012,311.019989,311.019989,7133400
670,307.440002,307.769989,290.76001,295.459991,295.459991,14152000
671,298,308.549988,296.799988,308.350006,308.350006,8177300
672,310.899994,313.790009,305.820007,307.190002,307.190002,7006500
673,309.380005,321.98999,309.100006,321.26001,321.26001,9676500
674,321.559998,325.5,318.119995,325.220001,325.220001,5741600
675,323.399994,326,319.600006,323.100006,323.100006,4753800
676,325.480011,327,321.529999,324.809998,324.809998,4121600
677,318.380005,320.200012,312.529999,315.880005,315.880005,7622000
678,317.589996,320.059998,315.140015,317.01001,317.01001,4152500
679,314.390015,314.630005,305.5,306.109985,306.109985,6711900
680,307,313.940002,305.309998,313.059998,313.059998,5653800
681,315.5,316.5,310.200012,310.829987,310.829987,4687600
682,312.799988,314.369995,306.799988,310.350006,310.350006,4329200
683,310.459991,310.730011,303.480011,303.859985,303.859985,4318400
684,306.51001,311,305.399994,310.220001,310.220001,5033300
685,311.019989,316.970001,307.809998,316.829987,316.829987,5014000
686,317.279999,325.48999,316.309998,325.140015,325.140015,7802200
687,326,336.279999,325.76001,335.100006,335.100006,7782900
688,337.690002,342.890015,335.160004,341.01001,341.01001,9963400
689,344,344.880005,337.290009,340.369995,340.369995,7608000
690,339.769989,342.880005,335.929993,339.850006,339.850006,5590200
691,338.5,348.440002,334.209991,347.320007,347.320007,6784400
692,344.700012,359.48999,339.970001,352.850006,352.850006,11086800
693,356.339996,360.5,355.140015,359.649994,359.649994,9398000
694,363.75,371.899994,360.220001,370,370,9009800
695,374.420013,376.869995,354.799988,357.320007,357.320007,17261400
696,357.98999,364.5,350.619995,359.01001,359.01001,10517700
697,367.619995,376,366.609985,375.950012,375.950012,11807900
698,381.089996,384.25,376.309998,380.660004,380.660004,12818400
699,372.5,375.459991,366.48999,375.339996,375.339996,10426500
700,377.980011,378.01001,370.100006,371.399994,371.399994,6731000
701,375,376.700012,367.799988,369.799988,369.799988,6549300
702,376.670013,378.880005,369.730011,372.23999,372.23999,7438700
703,374.350006,376.98999,368.019989,376.399994,376.399994,4923200
704,377.98999,385,373.570007,382.609985,382.609985,7529800
705,382.450012,386.98999,379.350006,383.450012,383.450012,6445800
706,386.690002,386.950012,373.100006,377.48999,377.48999,6604100
707,376.399994,376.399994,362.019989,362.369995,362.369995,6996400
708,366.679993,371.73999,362.519989,371.23999,371.23999,6302500
709,370.609985,371,354.100006,360.75,360.75,8221000
710,363.709991,366.769989,359.619995,361.609985,361.609985,5848500
711,370.23999,371.350006,351.5,352.619995,352.619995,6305400
712,347.200012,347.23999,326.329987,327.089996,327.089996,17046700
713,317.26001,320.790009,306.299988,308.829987,308.829987,19324500
714,313.5,317,307.380005,313.220001,313.220001,14176900
715,312.899994,317.940002,303.130005,316.049988,316.049988,13820900
716,316,327.279999,314.299988,327.220001,327.220001,11559400
717,330.399994,333.100006,324.5,329.519989,329.519989,10346100
718,330.109985,331.600006,319.970001,323.410004,323.410004,8594500
719,323.190002,328.420013,321.220001,327.779999,327.779999,5625200
720,325.540009,327.100006,313.450012,319.570007,319.570007,9876900
721,317.5,329.130005,315.660004,328.23999,328.23999,6373700
722,328.230011,331.649994,323.220001,325.26001,325.26001,6357000
723,326.899994,330.220001,324.200012,329.920013,329.920013,5166200
724,329.459991,331.26001,325.799988,328.399994,328.399994,4901600
725,330.23999,343.399994,330.01001,342.519989,342.519989,8637100
726,345,345.600006,334.149994,339.600006,339.600006,6989200
727,340.359985,345.5,338.119995,343.850006,343.850006,4820800
728,346,347.5,326.290009,334.459991,334.459991,8302400
729,336.890015,339.600006,332.51001,335.070007,335.070007,4880400
730,335.5,341.48999,321.040009,323.470001,323.470001,8535100
731,323,324.450012,316.130005,319.570007,319.570007,8303100
732,318.940002,327.119995,311.220001,325.890015,325.890015,13091500
733,345.329987,350,343.149994,347.089996,347.089996,13535000
734,347,357.269989,343.299988,356.910004,356.910004,9268900
735,357.350006,359.480011,352.75,355.170013,355.170013,6324500
736,357.529999,368.579987,357.399994,365.220001,365.220001,7449800
737,361,370,358.950012,363.529999,363.529999,6892100
738,361.600006,366.649994,354.660004,355.399994,355.399994,7092900
739,356.970001,361.26001,353.619995,357.869995,357.869995,4365800
740,364.630005,367.660004,362.600006,363.799988,363.799988,4502700
741,365.200012,365.48999,359.369995,362.329987,362.329987,3085100
742,363,366.5,362.519989,362.910004,362.910004,3413800
743,361.209991,363.299988,351.589996,351.920013,351.920013,5027700
744,352.910004,354,345.799988,347.459991,347.459991,5408200
745,345.820007,345.820007,331.850006,337.859985,337.859985,6495400
746,341.130005,342.23999,337.369995,341.350006,341.350006,4322000
747,338.98999,353.48999,338.299988,352.769989,352.769989,4954500
748,352.519989,356.660004,349.73999,352.929993,352.929993,4584700
749,354.23999,355.690002,347.299988,348.049988,348.049988,3484000
750,347.279999,347.350006,339.720001,345.660004,345.660004,3764000
751,339.480011,349.049988,338.75,347.359985,347.359985,4073700
752,349.670013,353.470001,347,353.179993,353.179993,3412900
753,353.549988,358.440002,352.820007,355.899994,355.899994,4072800
754,356.119995,357.589996,353.690002,355.399994,355.399994,3049500
755,353.799988,355.48999,345.890015,349.589996,349.589996,3835100
756,349.5,350.980011,341.559998,344.529999,344.529999,4091400
757,345.980011,352.480011,343.450012,350.609985,350.609985,4239200
758,348.98999,349.779999,342.299988,343.399994,343.399994,3263500
759,351.350006,363.709991,350,363.690002,363.690002,7667100
760,364.48999,368.76001,360.399994,362.75,362.75,5972900
761,363.820007,368.070007,359.589996,366.230011,366.230011,4185200
762,364.329987,377.959991,362.630005,377.640015,377.640015,7202500
763,374.51001,380,372.700012,379.809998,379.809998,5420500
764,380.25,389.609985,377.679993,385,385,7188000
765,380,382.390015,373.570007,375.100006,375.100006,6451900
766,373,378.25,371.070007,373.910004,373.910004,4919100
767,374.899994,376.829987,364.51001,366.480011,366.480011,4618200
768,366.48999,369.899994,350.880005,351.089996,351.089996,8159400
769,353.149994,357.470001,342.880005,344.98999,344.98999,7605900
770,350.929993,351.23999,340.899994,345.25,345.25,7156300
771,349.899994,351.48999,340.5,340.970001,340.970001,6060300
772,339.880005,342.75,335.399994,339.600006,339.600006,5319600
773,341.859985,344.679993,338.600006,341.100006,341.100006,5107100
774,342.519989,343.700012,335.51001,341.529999,341.529999,5286800
775,335.899994,348.549988,331.279999,348.140015,348.140015,10153600
776,351.25,358.619995,349.600006,355.01001,355.01001,8163500
777,356,357.440002,351.350006,355.329987,355.329987,4171700
778,353.100006,360.100006,352.25,356.880005,356.880005,4297500
779,349.649994,351.75,342.670013,342.940002,342.940002,7493700
780,346.799988,355.630005,345.529999,355.589996,355.589996,6978500
781,353.890015,357.600006,351.149994,354.600006,354.600006,4500800
782,352.950012,359.779999,352.640015,355.679993,355.679993,4087000
783,356.980011,358.48999,353.679993,355.570007,355.570007,3540500
784,353.76001,354.480011,347.160004,350.600006,350.600006,5375500
785,350.910004,356.220001,350.070007,355.75,355.75,3293300
786,355.970001,363,354.130005,359.649994,359.649994,4939100
787,355.559998,357.149994,348.200012,351.809998,351.809998,5061800
788,352.690002,354.549988,344.339996,345.100006,345.100006,4930400
789,349.880005,349.950012,336.25,337.019989,337.019989,5747300
790,338.799988,342.799988,336.160004,337.339996,337.339996,4491700
791,336.700012,337.5,323.559998,325.839996,325.839996,8594100
792,327.779999,330.230011,323.200012,326.170013,326.170013,5023500
793,319.75,324.589996,316.660004,320.869995,320.869995,6979700
794,319.179993,323.779999,317.25,320.079987,320.079987,4254400
795,320.230011,331.950012,320.179993,331.529999,331.529999,5672300
796,332.25,332.609985,320.26001,321.079987,321.079987,8457300
797,300.130005,308.690002,292.630005,299.26001,299.26001,19791400
798,299.5,306.25,295.130005,306.089996,306.089996,8894000
799,307,307.5,299.01001,302.779999,302.779999,6474100
800,301.019989,306.5,300.029999,306.049988,306.049988,5294300
801,305.5,306.890015,301.299988,304.390015,304.390015,4725300
802,302.5,304.459991,296.299988,302.98999,302.98999,5447100
803,302.5,308.359985,301.850006,302.98999,302.98999,4625400
804,300.130005,316.799988,299.109985,315.399994,315.399994,7584900
805,315,316.350006,306.899994,308.700012,308.700012,5676100
806,306.01001,312.48999,301.5,311.299988,311.299988,5978700
807,313.98999,318.140015,311.299988,312.5,312.5,5822100
808,325.670013,326.670013,313.149994,315.049988,315.049988,13735100
809,313.790009,315.5,304.75,308.73999,308.73999,8247700
810,310.859985,318.230011,308.709991,317.809998,317.809998,7261300
811,316.769989,317.420013,311.839996,312.600006,312.600006,4917600
812,313.790009,316.410004,311,315.549988,315.549988,3244100
813,313.25,317.339996,309.51001,316.809998,316.809998,4555900
814,316.359985,320,313.920013,317.549988,317.549988,4949500
815,317.299988,318,301.230011,307.540009,307.540009,8767400
816,308.559998,310.700012,304.540009,308.850006,308.850006,4351600
817,305.440002,310.320007,305.049988,306.529999,306.529999,4292900
818,306.5,308.269989,300.609985,305.200012,305.200012,5835100
819,302,308,301,303.700012,303.700012,4646500
820,300.100006,313.390015,300,313.26001,313.26001,7195300
821,312,318.630005,311.049988,311.23999,311.23999,4780600
822,314.600006,316.980011,311.26001,315.130005,315.130005,3468500
823,314.630005,329.01001,313.75,328.910004,328.910004,7938000
824,330.450012,341.440002,330.029999,341.029999,341.029999,8733200
825,340.929993,344.220001,336.5,339.029999,339.029999,6221500
826,341.01001,347.440002,336.899994,337.890015,337.890015,5799900
827,342.040009,343.899994,335.76001,343.450012,343.450012,6933200
828,344.899994,346.730011,337.579987,338.869995,338.869995,5476200
829,340.26001,341.48999,330.299988,331.100006,331.100006,6825000
830,332.690002,333.100006,325.040009,328.980011,328.980011,5953800
831,329.589996,333.73999,327.209991,331.660004,331.660004,4385200
832,329.51001,330.920013,324.820007,325.200012,325.200012,4215800
833,323.829987,323.940002,316.579987,317.290009,317.290009,4378400
834,316,317.679993,310.75,311.640015,311.640015,4712100
835,311.75,315.820007,309.540009,315.359985,315.359985,4316300
836,316.179993,316.410004,310,311.350006,311.350006,3777200
837,312,322.109985,311,320.529999,320.529999,4352200
838,321,325.25,315.549988,317.25,317.25,4521500
839,312.869995,318.549988,305.679993,314.619995,314.619995,9946300
840,316.619995,317.23999,312,316.579987,316.579987,4591200
841,316,337.019989,315.5,336.410004,336.410004,9859400
842,335.160004,338.799988,327.399994,333.690002,333.690002,7146600
843,332.200012,337,330,334.799988,334.799988,4309900
844,335.23999,344.809998,333.26001,337.950012,337.950012,6645500
845,338.630005,340.410004,333.670013,336.220001,336.220001,4825100
846,337.540009,345,334.799988,340.059998,340.059998,6474300
847,340.470001,349,339.75,347.160004,347.160004,7083700
848,345.670013,352.299988,343.73999,344.570007,344.570007,5685800
849,345,350.589996,342.600006,350.019989,350.019989,4888300
850,349.399994,357.829987,349.200012,351.559998,351.559998,6210400
851,360,360.5,351,352.790009,352.790009,5465400
852,354.579987,354.75,343.519989,345.890015,345.890015,5287500
853,348.269989,349.200012,336.399994,337.640015,337.640015,6740300
854,341.5,344,335.709991,342.850006,342.850006,4539400
855,339.850006,350.850006,338.279999,349.529999,349.529999,4747100
856,345.140015,348.269989,342.170013,345.820007,345.820007,4717700
857,347.51001,356.190002,345.190002,354.309998,354.309998,6214100
858,351,359.660004,348.630005,349.25,349.25,4197700
859,348.440002,351.950012,340.51001,343.75,343.75,3704800
860,337.970001,344.470001,333,333.130005,333.130005,4464100
861,325.209991,336.220001,323.5,333.970001,333.970001,5088400
862,338.98999,346,335.660004,345,345,6969200
863,343.309998,348.619995,314.600006,315.230011,315.230011,10314600
864,319.929993,320.980011,294.76001,310.420013,310.420013,12933700
865,316.130005,318.079987,306.25,315.730011,315.730011,6227800
866,315.019989,324.190002,312.51001,323.660004,323.660004,4560200
867,320.839996,326.170013,318.519989,322.309998,322.309998,3950700
868,324.5,334.119995,322.399994,334.070007,334.070007,5912900
869,332.5,343.119995,331.640015,335.48999,335.48999,5642600
870,334.470001,340.839996,331.5,334.769989,334.769989,4009400
871,336.029999,339.690002,333.170013,333.299988,333.299988,3219600
872,335.529999,347.440002,334.75,346.170013,346.170013,6969800
873,347.829987,354.98999,347.100006,352.049988,352.049988,5817400
874,353.5,359,352.359985,357.420013,357.420013,4340000
875,356.25,359.98999,350.01001,350.98999,350.98999,4797400
876,352.570007,355.23999,342.220001,343.059998,343.059998,6069700
877,345.01001,348.670013,330.070007,330.929993,330.929993,6885600
878,326.980011,335.220001,322.970001,335.119995,335.119995,5092800
879,332.390015,337.75,329.290009,333.350006,333.350006,3823800
880,333.75,336.369995,327.029999,328.200012,328.200012,4285700
881,325.440002,332.5,321.73999,332.299988,332.299988,5007300
882,332.859985,333.299988,326.269989,329.100006,329.100006,3566200
883,324.100006,328.48999,322.369995,327.170013,327.170013,5506800
884,328.609985,347.209991,326.5,345.51001,345.51001,8264000
885,328.609985,347.209991,326.5,341.839996,341.839996,5965800
886,336.76001,339.809998,323.929993,326.630005,326.630005,7967400
887,329.380005,332.850006,321.100006,325.600006,325.600006,6564800
888,322.929993,327.399994,319.070007,321.350006,321.350006,6117300
889,316.5,320.75,309.670013,313.559998,313.559998,7484300
890,314.869995,316.25,308.76001,310.549988,310.549988,4764300
891,310.25,322.440002,310.190002,316.529999,316.529999,5958400
892,313.890015,318.820007,308.179993,309.100006,309.100006,4939800
893,311.25,311.25,300.450012,301.540009,301.540009,6654900
894,307.339996,307.589996,291.359985,304.179993,304.179993,8375200
895,304,304.269989,277.179993,279.179993,279.179993,13872000
896,264.579987,268.679993,252.100006,257.779999,257.779999,21001400
897,256.48999,270.959991,248.210007,266.130005,266.130005,15170700
898,256.26001,260.329987,244.589996,252.479996,252.479996,16114000
899,269.820007,273.350006,254.490005,267.529999,267.529999,18844400
900,252.779999,288.369995,252,286.940002,286.940002,19896700
901,289.339996,306.26001,288.200012,305.720001,305.720001,19121100
902,301,309.279999,295.5,299.299988,299.299988,13520300
903,300.369995,309.5,289.209991,289.660004,289.660004,10249800
904,298.970001,307.100006,293.679993,304.700012,304.700012,10989800
905,300.73999,308.980011,299.660004,300.929993,300.929993,7482900
906,302.320007,303.950012,293.679993,294.079987,294.079987,7608800
907,303.600006,303.950012,295.980011,300.339996,300.339996,7327200
908,299,299.660004,289.01001,291.209991,291.209991,6338500
909,288.869995,292.170013,282.51001,287.690002,287.690002,7000000
910,291.079987,300.23999,288.160004,293.350006,293.350006,6557700
911,291.079987,301.01001,288.549988,300.079987,300.079987,6090600
912,295.170013,299.980011,289.75,290.23999,290.23999,5627900
913,291.290009,291.619995,282.329987,283.369995,283.369995,4893400
914,285,287.089996,278.459991,283.459991,283.459991,5685300
915,283.5,285.160004,277.25,280.690002,280.690002,4013600
916,278.75,285.790009,276.5,285.480011,285.480011,4356000
917,285.369995,294.470001,283.829987,294.079987,294.079987,4364600
918,293.609985,298.730011,292.5,293.899994,293.899994,4228200
919,293.51001,300.820007,293.220001,299.920013,299.920013,4625600
920,298.570007,306.850006,297.779999,301.149994,301.149994,8970400
921,278.790009,288.040009,275.230011,284.450012,284.450012,17352100
922,283,296.859985,279.519989,294.089996,294.089996,8569400
923,297.5,305.959991,295.170013,302.769989,302.769989,8678200
924,300.799988,307.75,299,301.970001,301.970001,5930000
925,300.410004,307.01001,300.049988,306.850006,306.850006,5727400
926,307.5,312.98999,304.109985,305.019989,305.019989,5651600
927,307.700012,308.880005,299.079987,301.059998,301.059998,4679600
928,303.320007,304.940002,291.619995,291.970001,291.970001,7286800
929,285.01001,286.959991,280.5,284.179993,284.179993,9519200
930,283.829987,288.809998,281.559998,286.480011,286.480011,5674000
931,285.899994,289.190002,283.970001,284.540009,284.540009,4420600
932,284.649994,284.649994,274,276.820007,276.820007,7251900
933,281.329987,291.48999,281.299988,284.48999,284.48999,9182600
934,287.76001,288,273.420013,275.01001,275.01001,8945800
935,277.76001,279.910004,274,279.070007,279.070007,5953100
936,278.399994,281.109985,274.890015,277.850006,277.850006,4176700
937,277.630005,279.640015,275.609985,278.850006,278.850006,3875100
938,278.51001,286.5,276.149994,283.76001,283.76001,5666600
939,283.290009,295.01001,281.600006,291.720001,291.720001,7489700
940,287.209991,290.369995,282.929993,284.730011,284.730011,5919700
941,285.859985,291.950012,283.839996,291.820007,291.820007,5424400
942,294.339996,299,293.549988,296.73999,296.73999,4797800
943,297.700012,297.799988,286.73999,291.130005,291.130005,5995200
944,300.5,322.170013,297.480011,319.5,319.5,18767300
945,316.149994,330,313.579987,316.089996,316.089996,14345300
946,319,324.480011,317.149994,317.660004,317.660004,8205200
947,322.51001,334.660004,322.5,332.100006,332.100006,13183500
948,344.700012,354.970001,338,342.769989,342.769989,22347400
949,346.709991,347.200012,339.799988,344.779999,344.779999,9469800
950,347.630005,358.75,346.600006,357.720001,357.720001,10981000
951,353.839996,364.670013,351.25,358.170013,358.170013,10848300
952,355.399994,373.730011,354.5,370.829987,370.829987,12073200
953,365.160004,370,346.25,352.549988,352.549988,12761900
954,358.040009,364.380005,352,362.220001,362.220001,8383700
955,362,366.209991,346.269989,347.51001,347.51001,7967100
956,351.540009,352.25,332,333.630005,333.630005,10266100
957,330.119995,338.470001,327.5,333.01001,333.01001,6931300
958,336.049988,343.549988,325.799988,342,342,7452500
959,345,350.790009,339.5,344.5,344.5,8333700
960,348.660004,357.019989,346.109985,349.929993,349.929993,8398000
961,353.329987,353.859985,342.410004,342.950012,342.950012,6492400
962,360.070007,364.779999,329.850006,335.070007,335.070007,18759800
963,331.75,332.48999,309.690002,310.859985,310.859985,12282600
964,313.76001,314.390015,296.220001,309.160004,309.160004,17476400
965,304.950012,312.070007,302,308.899994,308.899994,8865500
966,311.98999,318.519989,308,318.51001,318.51001,7596800
967,324.559998,327.679993,319.200012,322.470001,322.470001,9471500
968,315.799988,321.940002,315.070007,318.959991,318.959991,4884100
969,321.429993,323.230011,312.769989,316.709991,316.709991,5721200
970,315.579987,319.579987,309.25,318.869995,318.869995,5869800
971,311.709991,315.160004,306.25,310.100006,310.100006,7818700
972,308.809998,324.73999,308.5,322.690002,322.690002,6996200
973,325,325.5,316.25,323.850006,323.850006,5624200
974,316.329987,323.540009,314.01001,320.230011,320.230011,5915300
975,321.230011,323.23999,311.709991,313.579987,313.579987,5162200
976,301.839996,305.5,292.859985,303.200012,303.200012,10992900
977,304.420013,307.720001,292.549988,297.429993,297.429993,9590800
978,296.73999,309.619995,294.5,308.73999,308.73999,7075400
979,304.850006,310.700012,303.640015,306.649994,306.649994,4630500
980,307.25,307.690002,295.339996,297.179993,297.179993,5703300
981,295.899994,296.100006,286.130005,290.170013,290.170013,6814100
982,292.25,298.320007,289.070007,298.140015,298.140015,5076900
983,297.98999,303,293,300.839996,300.839996,10129400
984,328.440002,349.98999,323.160004,349.540009,349.540009,23215000
985,347.809998,355,342.529999,348.170013,348.170013,13656500
986,345.459991,354.980011,341.820007,341.98999,341.98999,8564300
987,343.839996,387.459991,339.149994,379.570007,379.570007,30875800
988,369.089996,382.640015,367.119995,370.339996,370.339996,24571200
989,365.549988,367.01001,345.730011,352.450012,352.450012,17103700
990,354,360,346,355.48999,355.48999,11552000
991,361.130005,363.190002,349.019989,356.410004,356.410004,10450200
992,358.450012,359.200012,347.100006,347.640015,347.640015,6986400
993,341.910004,344.48999,332.140015,338.690002,338.690002,9101300
994,339.910004,342.279999,333.820007,335.450012,335.450012,6064000
995,323.5,326.769989,303.529999,305.5,305.5,18958600
996,291.700012,308.5,288.200012,308.440002,308.440002,17402300
997,310.609985,324.790009,309,321.899994,321.899994,13172200
998,320.869995,323.880005,314.670013,321.640015,321.640015,5946000
999,319.140015,327.320007,318.100006,320.100006,320.100006,5147300
1000,320.700012,323.850006,319.399994,322.820007,322.820007,3602600
1001,318,322.440002,308.809998,319.269989,319.269989,13079300
1002,318.410004,318.880005,311.190002,311.859985,311.859985,7649100
1003,310.269989,311.850006,303.690002,305.01001,305.01001,7447400
1004,302.26001,304.600006,297.720001,303.149994,303.149994,7216700
1005,302,305.309998,298.600006,301.660004,301.660004,5375100
1006,296.940002,298.190002,288,288.950012,288.950012,8350500
1007,285.049988,286.779999,277.179993,280.73999,280.73999,7720800
1008,284.799988,291.170013,278.880005,280.950012,280.950012,7480800
1009,260.100006,268.350006,252.25,263.23999,263.23999,22491900
1010,273.26001,286.029999,271,285.5,285.5,14283500
1011,279.470001,282,273.549988,279.440002,279.440002,9170000
1012,281.440002,292.5,278.649994,290.540009,290.540009,10015400
1013,288.019989,295,285.179993,289.459991,289.459991,6340300
1014,288.76001,297.329987,286.519989,295.200012,295.200012,6765600
1015,290.040009,300.869995,288.130005,294.839996,294.839996,6887600
1016,296.690002,302.640015,275.5,284.959991,284.959991,16547500
1017,280.51001,300,280.5,299.019989,299.019989,8294900
1018,303.559998,305.980011,293.329987,298.329987,298.329987,7349400
1019,297.700012,300.579987,295.369995,299.100006,299.100006,5050500
1020,298.480011,303,293.579987,299.679993,299.679993,4843000
1021,300,304.600006,296.5,300.98999,300.98999,4481700
1022,301.910004,313.890015,301.109985,309.579987,309.579987,7843200
1023,312.899994,314.959991,306.910004,307.519989,307.519989,8509100
1024,270.26001,278,260.559998,264.769989,264.769989,33649700
1025,305.769989,311.440002,301.049988,310.700012,310.700012,21777600
1026,313.950012,316.839996,299.149994,301.019989,301.019989,11743500
1027,303.329987,304.600006,291.570007,294.799988,294.799988,7995000
1028,293.950012,294,277.670013,281.829987,281.829987,9814200
1029,274.649994,274.880005,260,261.950012,261.950012,17944500
1030,264.519989,267.76001,249,250.559998,250.559998,13472700
1031,255.25,266.769989,253.300003,262.799988,262.799988,12060600
1032,264.609985,265.51001,247.770004,256.880005,256.880005,12815300
1033,257.529999,262.25,249.029999,252.229996,252.229996,8167700
1034,261,261.98999,252.009995,258.779999,258.779999,7201400
1035,259.059998,263.279999,254.539993,259.589996,259.589996,6200000
1036,265.700012,277.380005,262.23999,276.589996,276.589996,9526400
1037,282.399994,282.700012,265.799988,271.779999,271.779999,8655500
1038,269.290009,271,263,263.910004,263.910004,5421200
1039,267.390015,269.660004,253.5,260,260,9375500
1040,260.679993,261.859985,252.589996,260.950012,260.950012,5600300
1041,263.869995,297.929993,262.100006,294.140015,294.140015,19027800
1042,301.049988,304.440002,285.730011,288.5,288.5,20058300
1043,317.220001,321,301.01001,314.859985,314.859985,20840700
1044,308.25,339.899994,306.649994,330.899994,330.899994,27425500
1045,337.470001,347.160004,326.5,334.850006,334.850006,14486000
1046,328.390015,337.899994,322.26001,329.899994,329.899994,9126700
1047,332.540009,342,329.100006,337.320007,337.320007,7624300
1048,338.26001,347.839996,334.730011,344.279999,344.279999,8000100
1049,343.73999,349.200012,340.910004,346.410004,346.410004,7808000
1050,340.5,343.959991,330.140015,341.399994,341.399994,7831000
1051,339.070007,348.799988,336.089996,341.059998,341.059998,6762900
1052,343.339996,351.179993,340.799988,348.160004,348.160004,7374500
1053,348.5,357.579987,348.440002,351.399994,351.399994,7090700
1054,349,354,345.230011,350.51001,350.51001,5098800
1055,348.369995,349.779999,330.339996,331.279999,331.279999,6941500
1056,333.160004,344.700012,332.200012,338.730011,338.730011,5448600
1057,342.700012,347.109985,337.149994,344,344,5040300
1058,342.329987,348.579987,339.040009,348.440002,348.440002,4625700
1059,345.190002,355.700012,345.119995,354.309998,354.309998,7206200
1060,356.339996,366.75,352.880005,353.470001,353.470001,9708900
1061,341.75,349.799988,333.549988,347.48999,347.48999,8004700
1062,352,353.100006,337.399994,338.190002,338.190002,4686800
1063,334.350006,337.5,325.549988,325.829987,325.829987,4202600
1064,325,346.220001,325,346,346,7992100
1065,340.049988,346.959991,335.5,343.920013,343.920013,6358300
1066,345.98999,348.279999,342.209991,347.869995,347.869995,4127600
1067,347,347.5,339.549988,341.170013,341.170013,3080700
1068,341.829987,351.600006,338.26001,350.480011,350.480011,5629100
1069,360,366,352,358.48999,358.48999,8306500
1070,356.049988,368.679993,352,359.700012,359.700012,8461900
1071,356.01001,367.380005,350.76001,363.059998,363.059998,7842500
1072,369,379.48999,357.649994,357.970001,357.970001,11511200
1073,360,365.980011,353.119995,365.149994,365.149994,6613500
1074,369.910004,372.170013,360.230011,366.76001,366.76001,6308800
1075,369.420013,371.910004,365.160004,366.600006,366.600006,5027000
1076,370.149994,377.440002,366.75,376.790009,376.790009,7365900
1077,375,377.869995,364.329987,365.709991,365.709991,6337600
1078,362,365.700012,343.880005,348.420013,348.420013,7674000
1079,350.540009,351.549988,333.690002,337.029999,337.029999,7100000
1080,337.600006,347.01001,329.73999,332.970001,332.970001,8274200
1081,327.049988,330.290009,311.869995,315.380005,315.380005,9071900
1082,317.399994,323.470001,312.440002,319.769989,319.769989,8016800
1083,313.5,314.5,295.200012,295.390015,295.390015,5559900
1084,300,326.970001,294.089996,326.089996,326.089996,8163100
1085,319.839996,322.170013,301.5,316.130005,316.130005,8575100
1086,323.100006,336.23999,318.410004,333.869995,333.869995,9939000
1087,337.790009,339.209991,325.26001,332.799988,332.799988,6302300
1088,306.100006,315.130005,298.799988,310.119995,310.119995,11658600
1089,307,309.399994,297.380005,300.359985,300.359985,6954400
1090,306,318,302.730011,317.690002,317.690002,7394100
1091,321.720001,336.73999,317.75,334.959991,334.959991,7551200
1092,341.959991,344.01001,327.019989,335.350006,335.350006,7008500
1093,335.5,343.5,331.470001,338.529999,338.529999,5432900
1094,334.399994,345.390015,331.790009,344.970001,344.970001,6056400
1095,342.089996,348.410004,338.769989,347.26001,347.26001,5039100
1096,342.380005,342.5,334,334.399994,334.399994,5247300
1097,335,348.799988,334.5,344.429993,344.429993,6056600
1098,344.779999,352,343.5,346.049988,346.049988,4691700
1099,346.209991,351.5,344.149994,347.309998,347.309998,3676700
1100,323,327.130005,299.730011,302.26001,302.26001,24150800
1101,304.820007,308,295.5,298.920013,298.920013,12066700
1102,292.5,294.5,281.690002,287.589996,287.589996,12530000
1103,283.029999,293.679993,279.279999,291.51001,291.51001,8012200
1104,294.390015,298.519989,289.549988,297.040009,297.040009,7249600
1105,292.910004,297.459991,287.75,296.380005,296.380005,6423300
1106,295.269989,298.559998,291.799988,297.459991,297.459991,4621700
1107,300.450012,309,298.48999,308.769989,308.769989,11250300
1108,301,311.559998,294,307.019989,307.019989,12569200
1109,305.420013,316.100006,303.5,312.209991,312.209991,7283400
1110,312.980011,315.299988,301.880005,312.890015,312.890015,7352100
1111,312.48999,322.440002,312.25,321.350006,321.350006,6742800
1112,319.589996,324.23999,315.619995,317.220001,317.220001,5038500
1113,313.299988,314.700012,303,307.51001,307.51001,6520600
1114,306.829987,307.450012,298.5,305.799988,305.799988,5844200
1115,311.600006,318.600006,310.5,312.839996,312.839996,7129700
1116,316.200012,318.190002,309.619995,311.809998,311.809998,5517600
1117,312.350006,312.75,305.570007,308.170013,308.170013,5141600
1118,303.380005,306.769989,301,303.769989,303.769989,5200800
1119,304.5,308,303.899994,307.880005,307.880005,3904900
1120,306.559998,311.540009,305.470001,305.640015,305.640015,4168400
1121,304.410004,306.299988,299,302.559998,302.559998,7142100
1122,301.809998,303.23999,290.5,291.230011,291.230011,8909200
1123,294.48999,296.5,292.100006,294.709991,294.709991,5740600
1124,297.910004,302.899994,297,298.769989,298.769989,6626500
1125,292.220001,302.01001,288.769989,297.859985,297.859985,8582500
1126,301.779999,316.299988,300.549988,314.73999,314.73999,11183900
1127,318.920013,320,310.809998,319.880005,319.880005,10520700
1128,306.940002,307.130005,291.899994,294.790009,294.790009,22911400
1129,298.119995,299,282.779999,285.359985,285.359985,17096800
1130,282,284,270.100006,276.540009,276.540009,18764700
1131,276.480011,281.51001,274.390015,276.23999,276.23999,10335500
1132,278.839996,284.700012,274.25,276.589996,276.589996,9420000
1133,276.910004,285.589996,275.890015,284.140015,284.140015,8819600
1134,283.519989,291.279999,280.5,290.920013,290.920013,7392300
1135,286.48999,288.070007,281.059998,283.359985,283.359985,7504100
1136,283.899994,291.98999,282.700012,288.959991,288.959991,6844700
1137,292.450012,295.390015,288.290009,289.959991,289.959991,7103400
1138,283.51001,283.720001,274.399994,275.429993,275.429993,14785500
1139,276,278.049988,267.299988,269.48999,269.48999,10281000
1140,267.5,273.299988,263.459991,267.470001,267.470001,11800600
1141,269.690002,274.970001,266.299988,273.600006,273.600006,6908200
1142,272.600006,276.450012,268.450012,274.019989,274.019989,5947100
1143,272.579987,272.799988,264,264.529999,264.529999,8745600
1144,259.709991,263.179993,254.460007,260.420013,260.420013,10215000
1145,264.440002,270.26001,264.429993,267.769989,267.769989,7350900
1146,268.75,275.369995,268.179993,274.829987,274.829987,8779200
1147,277.160004,280.329987,275.100006,278.619995,278.619995,6774100
1148,278.700012,280.160004,274.5,279.859985,279.859985,5991300
1149,282.619995,289.200012,281.279999,289.179993,289.179993,8110400
1150,288.299988,289.440002,283.880005,285.880005,285.880005,5478900
1151,287.320007,296.170013,287.170013,291.809998,291.809998,7929900
1152,261.890015,271.200012,260.589996,267.779999,267.779999,23720700
1153,269.859985,276.100006,266.109985,274.959991,274.959991,13038300
1154,277.690002,281.160004,270.440002,273.200012,273.200012,10410400
1155,271.649994,275,269.609985,272.309998,272.309998,5904000
1156,276.73999,278.380005,272.890015,276.059998,276.059998,7061300
1157,268.299988,270.5,265.600006,268.420013,268.420013,9835900
1158,270.220001,271.950012,266.829987,267.700012,267.700012,6746000
1159,268.630005,268.880005,258.630005,266.380005,266.380005,10038600
1160,265.75,275,264.720001,273.359985,273.359985,7272900
1161,274.75,274.790009,268.540009,271.230011,271.230011,5126500
1162,271.230011,274.839996,269.75,273.26001,273.26001,5876300
1163,269,269.679993,262.480011,262.75,262.75,12147100
1164,260.149994,265.600006,255.75,263.899994,263.899994,10943900
1165,263.850006,265.320007,258,258.660004,258.660004,10727500
1166,255,259,246.070007,247.630005,247.630005,21849400
1167,246.5,246.679993,231.130005,235.139999,235.139999,22360700
1168,235.860001,243.979996,232.169998,241.470001,241.470001,16714500
1169,242.059998,244.210007,237,238.690002,238.690002,9464600
1170,238.850006,240,231.5,234.009995,234.009995,10704400
1171,245.520004,247.130005,237.720001,244.100006,244.100006,18159300
1172,243.860001,256.609985,243.490005,255.029999,255.029999,23706800
1173,250.020004,258.350006,248.5,255.339996,255.339996,10833900
1174,256.799988,257.209991,245.100006,247.059998,247.059998,10131400
1175,246.940002,250.600006,244.199997,244.839996,244.839996,6176400
1176,242,243.679993,236.940002,241.979996,241.979996,6711400
1177,239.75,241.990005,236.020004,239.520004,239.520004,7008300
1178,232.009995,232.470001,224.5,227.009995,227.009995,10834800
1179,229.300003,234.5,228,232.309998,232.309998,7252400
1180,229.320007,232.440002,225.25,231.949997,231.949997,7296000
1181,229.490005,231,226.5,228.330002,228.330002,7483300
1182,221.960007,222.240005,208.919998,211.029999,211.029999,17786700
1183,202.800003,206,195.25,205.360001,205.360001,20526200
1184,197.759995,207.399994,196.039993,205.080002,205.080002,18003900
1185,199.100006,203.940002,191.779999,192.729996,192.729996,18685200
1186,194.339996,199.470001,186.220001,195.490005,195.490005,26547100
1187,199.830002,199.979996,188.75,190.630005,190.630005,14136600
1188,191.199997,195,187.850006,188.699997,188.699997,10312900
1189,187.100006,192.389999,185.039993,189.860001,189.860001,11968600
1190,188.75,192.259995,187.020004,188.220001,188.220001,7926500
1191,185.100006,189.919998,184.100006,185.160004,185.160004,10406700
1192,185.509995,186.679993,176.990005,178.970001,178.970001,13064400
1193,181.100006,193.979996,179.610001,193.600006,193.600006,13807500
1194,198.679993,201.279999,191.850006,196.589996,196.589996,13510800
1195,204.440002,211,201.800003,205.949997,205.949997,20242200
1196,205,210.839996,203.5,204.5,204.5,16003500
1197,210.25,216.940002,209.009995,212.880005,212.880005,10585000
1198,219.139999,220.899994,213.5,217.100006,217.100006,11653500
1199,222.949997,223.380005,209,209.259995,209.259995,15197500
1200,210.380005,214.899994,207.509995,213.910004,213.910004,8168300
1201,211.25,216.649994,210.399994,214.919998,214.919998,7433400
1202,215.479996,227,214.270004,225.029999,225.029999,12316800
1203,228.720001,234.740005,222.559998,224.740005,224.740005,12715800
1204,225.110001,227.770004,221.059998,226.429993,226.429993,6575100
1205,223,226.899994,216.350006,219.619995,219.619995,11863500
1206,216.220001,222.179993,215.5,221.860001,221.860001,8202100
1207,223.240005,225.860001,221.020004,223.639999,223.639999,5750800
1208,224.389999,225.339996,219.490005,219.759995,219.759995,6182100
1209,220.309998,227.229996,218.100006,219.270004,219.270004,8507200
1210,219.449997,222.899994,217.350006,222.839996,222.839996,6339700
1211,220.990005,225.169998,220.800003,223.460007,223.460007,6851400
1212,230.210007,233.100006,226.279999,227.169998,227.169998,8238000
1213,228.889999,229.149994,222.220001,224.550003,224.550003,9259000
1214,239.389999,241.570007,234.509995,234.899994,234.899994,14201100
1215,234.570007,235.449997,230.800003,233.100006,233.100006,7065700
1216,231.240005,232.25,228.660004,230.339996,230.339996,5880500
1217,228.970001,231,227.279999,230.059998,230.059998,6190800
1218,234.149994,238.940002,233.139999,238.919998,238.919998,9145700
1219,238.139999,241.5,235.800003,238.600006,238.600006,7514400
1220,239.75,245.380005,239.710007,245.080002,245.080002,9200500
1221,248,254.419998,244.860001,253.5,253.5,11000100
1222,249.300003,253.529999,247.929993,252.380005,252.380005,8149000
1223,255.669998,258.309998,253.350006,254.860001,254.860001,9764700
1224,255.050003,255.75,251.889999,253.539993,253.539993,4764500
1225,255.690002,259.959991,254.619995,258.179993,258.179993,7048400
1226,258.75,262.149994,254.190002,255.679993,255.679993,6842400
1227,256.709991,260.480011,254.5,260.170013,260.170013,5023100
1228,259.170013,266.070007,258.160004,264.880005,264.880005,11072800
1229,233.5,234.5,225.550003,228.820007,228.820007,22418300
1230,226.919998,230.259995,222.25,228.039993,228.039993,10027700
1231,227.089996,235.940002,226.029999,235.770004,235.770004,9273300
1232,232.899994,243.360001,232.179993,242.259995,242.259995,8109000
1233,243,246.679993,236.649994,241.610001,241.610001,9178200
1234,242.649994,244.509995,231.770004,233.850006,233.850006,8259500
1235,231.350006,236.270004,229.229996,234.339996,234.339996,6136500
1236,229.600006,231.369995,225.779999,228.320007,228.320007,7028300
1237,231.880005,232.5,225.75,230.75,230.75,5564200
1238,226.5,233.570007,225.800003,233.419998,233.419998,4776500
1239,234.449997,239.800003,232.649994,238.300003,238.300003,5274300
1240,236.050003,238.960007,233.809998,235.009995,235.009995,3898200
1241,232.990005,235.770004,228.75,229.009995,229.009995,4663900
1242,228.809998,236,227.550003,235,235,4848100
1243,231.210007,231.5,216.690002,219.619995,219.619995,9562600
1244,220.860001,221.559998,211.550003,215.639999,215.639999,8159600
1245,216.660004,222.240005,216.020004,219.940002,219.940002,5098500
1246,224.210007,227.830002,221.699997,226.830002,226.830002,5309600
1247,227.619995,229.089996,224.539993,225.860001,225.860001,4125200
1248,222.009995,223.220001,217.600006,220.830002,220.830002,7794300
1249,222.800003,225.399994,218.220001,222.149994,222.149994,6559000
1250,219.970001,221.169998,211,211.399994,211.399994,8538600
1251,213.600006,215.020004,211.539993,215,215,5051900
1252,215.740005,218.800003,212.029999,214.080002,214.080002,5416200
1253,213.690002,217.25,212.309998,215.589996,215.589996,3225500
1254,219,223.399994,218,221.710007,221.710007,5179500
1255,229.149994,232.440002,224.210007,225.610001,225.610001,9320600
1256,224.080002,228.949997,223.160004,225.009995,225.009995,5354100
1257,226.889999,228.460007,219.210007,220.679993,220.679993,5761000
1258,222.5,229.800003,220.850006,229.580002,229.580002,7395300
1259,227.199997,229.639999,225.169998,227.449997,227.449997,4182200
